{"cameraMode":{"drawMode":0,"name":"Shaded","section":"Shading Mode"},"sceneLighting":true,"audioPlay":false,"sceneViewState":{"showFog":true,"showMaterialUpdate":false,"showSkybox":true,"showFlares":true,"showImageEffects":true,"showParticleSystems":true},"in2DMode":false,"pivot":{"x":-4.765577793121338,"y":-5.672119617462158,"z":-15.176466941833496},"rotation":{"x":-0.042050719261169437,"y":0.9551429152488709,"z":-0.1664160043001175,"w":-0.24134624004364015},"size":13.385236740112305,"orthographic":false}